track,model,league,season,n,model_log_loss,market_log_loss,logloss_gap
market_aware,lightgbm,D1,2020,301,1.0470071079319037,0.9867920050874408,0.06021510284446285
market_aware,lightgbm,D1,2021,296,1.0253902611032266,0.9913772538251243,0.0340130072781023
market_aware,lightgbm,D1,2022,306,1.0205657152843728,0.9967171965434491,0.02384851874092364
market_aware,lightgbm,D1,2023,296,0.9952231906603286,0.9504037422792101,0.04481944838111851
market_aware,lightgbm,D1,2024,296,1.017026645236148,0.9885142693896479,0.028512375846500126
market_aware,lightgbm,E0,2020,370,1.0447629049087175,0.9984184697196262,0.04634443518909126
market_aware,lightgbm,E0,2021,375,0.9687190081181283,0.9312777496563892,0.03744125846173907
market_aware,lightgbm,E0,2022,375,0.9845411469933723,0.9649751598009977,0.019565987192374568
market_aware,lightgbm,E0,2023,375,0.9483951574409191,0.9027584121702744,0.04563674527064465
market_aware,lightgbm,E0,2024,375,0.9978343725633227,0.9673390904529885,0.030495282110334254
market_aware,lightgbm,F1,2020,371,1.0284561801346919,0.9927548503150889,0.035701329819602945
market_aware,lightgbm,F1,2021,371,1.01968296406255,1.0021961935775408,0.01748677048500924
market_aware,lightgbm,F1,2022,370,0.9995542616027716,0.9720939473436414,0.027460314259130203
market_aware,lightgbm,F1,2023,301,1.0409697856030191,1.0098303584436599,0.031139427159359245
market_aware,lightgbm,F1,2024,306,0.9689983278854614,0.9546008384014742,0.014397489483987114
market_aware,lightgbm,I1,2020,365,1.0085602173752377,0.9340552995704348,0.07450491780480295
market_aware,lightgbm,I1,2021,370,1.0128043493231567,0.981509902183398,0.03129444713975871
market_aware,lightgbm,I1,2022,370,1.0087932319339865,0.9841977357493309,0.02459549618465562
market_aware,lightgbm,I1,2023,380,1.0001926328684896,0.9632768121818599,0.036915820686629686
market_aware,lightgbm,I1,2024,375,0.9779287080055223,0.9477385106913522,0.030190197314170164
market_aware,lightgbm,SP1,2020,370,1.0379468504496632,0.9720757216952135,0.06587112875444967
market_aware,lightgbm,SP1,2021,380,1.0260036873138243,0.9890357383046481,0.036967949009176215
market_aware,lightgbm,SP1,2022,375,0.9872043438199283,0.9759010693544311,0.01130327446549717
market_aware,lightgbm,SP1,2023,375,0.9891615520505882,0.951939082342038,0.037222469708550254
market_aware,lightgbm,SP1,2024,380,0.9939897411909033,0.945829209358185,0.04816053183271829
market_aware,lightgbm_tuned,D1,2020,301,1.0509290965380411,0.9867920050874408,0.06413709145060031
market_aware,lightgbm_tuned,D1,2021,296,1.0245784655283394,0.9913772538251243,0.033201211703215106
market_aware,lightgbm_tuned,D1,2022,306,1.007664985211473,0.9967171965434491,0.010947788668023817
market_aware,lightgbm_tuned,D1,2023,296,0.9844952480881328,0.9504037422792101,0.03409150580892273
market_aware,lightgbm_tuned,D1,2024,296,1.0135688884976368,0.9885142693896479,0.025054619107988896
market_aware,lightgbm_tuned,E0,2020,370,1.0367256720234403,0.9984184697196262,0.038307202303814125
market_aware,lightgbm_tuned,E0,2021,375,0.9521636140170625,0.9312777496563892,0.0208858643606733
market_aware,lightgbm_tuned,E0,2022,375,0.9797279683732759,0.9649751598009977,0.014752808572278231
market_aware,lightgbm_tuned,E0,2023,375,0.9354310348237853,0.9027584121702744,0.0326726226535109
market_aware,lightgbm_tuned,E0,2024,375,0.9777700906736843,0.9673390904529885,0.010431000220695763
market_aware,lightgbm_tuned,F1,2020,371,1.0202118419783532,0.9927548503150889,0.02745699166326432
market_aware,lightgbm_tuned,F1,2021,371,1.012728073706176,1.0021961935775408,0.010531880128635152
market_aware,lightgbm_tuned,F1,2022,370,0.9893088897668608,0.9720939473436414,0.017214942423219415
market_aware,lightgbm_tuned,F1,2023,301,1.0399772709286705,1.0098303584436599,0.03014691248501067
market_aware,lightgbm_tuned,F1,2024,306,0.9668958251543697,0.9546008384014742,0.01229498675289542
market_aware,lightgbm_tuned,I1,2020,365,0.9921453661727333,0.9340552995704348,0.05809006660229854
market_aware,lightgbm_tuned,I1,2021,370,1.0047656689879358,0.981509902183398,0.023255766804537892
market_aware,lightgbm_tuned,I1,2022,370,1.0025932808645708,0.9841977357493309,0.018395545115239886
market_aware,lightgbm_tuned,I1,2023,380,0.9815580589354428,0.9632768121818599,0.01828124675358289
market_aware,lightgbm_tuned,I1,2024,375,0.9713855419532916,0.9477385106913522,0.023647031261939455
market_aware,lightgbm_tuned,SP1,2020,370,1.028352363369767,0.9720757216952135,0.056276641674553596
market_aware,lightgbm_tuned,SP1,2021,380,1.0133733169901713,0.9890357383046481,0.02433757868552322
market_aware,lightgbm_tuned,SP1,2022,375,0.9858424186475093,0.9759010693544311,0.009941349293078217
market_aware,lightgbm_tuned,SP1,2023,375,0.9737575469320275,0.951939082342038,0.021818464589989595
market_aware,lightgbm_tuned,SP1,2024,380,0.9842229575982254,0.945829209358185,0.03839374824004038
market_aware,logistic,D1,2020,301,1.06280591983457,0.9867920050874408,0.07601391474712926
market_aware,logistic,D1,2021,296,1.026755980580635,0.9913772538251243,0.03537872675551068
market_aware,logistic,D1,2022,306,1.0023415214516738,0.9967171965434491,0.0056243249082246205
market_aware,logistic,D1,2023,296,0.9590157236438238,0.9504037422792101,0.008611981364613719
market_aware,logistic,D1,2024,296,1.0062540651537617,0.9885142693896479,0.017739795764113775
market_aware,logistic,E0,2020,370,1.066358063892235,0.9984184697196262,0.06793959417260875
market_aware,logistic,E0,2021,375,0.9366808777688896,0.9312777496563892,0.005403128112500433
market_aware,logistic,E0,2022,375,0.9784186065301771,0.9649751598009977,0.013443446729179409
market_aware,logistic,E0,2023,375,0.9097697462021392,0.9027584121702744,0.007011334031864824
market_aware,logistic,E0,2024,375,0.9773771766194228,0.9673390904529885,0.010038086166434312
market_aware,logistic,F1,2020,371,1.1086576938371662,0.9927548503150889,0.11590284352207725
market_aware,logistic,F1,2021,371,1.0069007042677438,1.0021961935775408,0.0047045106902030565
market_aware,logistic,F1,2022,370,0.9809802805155208,0.9720939473436414,0.008886333171879368
market_aware,logistic,F1,2023,301,1.0170673571337299,1.0098303584436599,0.007236998690069996
market_aware,logistic,F1,2024,306,0.9691996662740533,0.9546008384014742,0.014598827872579045
market_aware,logistic,I1,2020,365,1.0252392181923144,0.9340552995704348,0.09118391862187969
market_aware,logistic,I1,2021,370,0.9814846386801018,0.981509902183398,-2.526350329612459e-05
market_aware,logistic,I1,2022,370,0.9972955459573295,0.9841977357493309,0.013097810207998606
market_aware,logistic,I1,2023,380,0.9726082239044151,0.9632768121818599,0.00933141172255525
market_aware,logistic,I1,2024,375,0.959484554423832,0.9477385106913522,0.011746043732479783
market_aware,logistic,SP1,2020,370,1.0539426076817562,0.9720757216952135,0.08186688598654268
market_aware,logistic,SP1,2021,380,1.0014213298912682,0.9890357383046481,0.012385591586620115
market_aware,logistic,SP1,2022,375,0.9739165988944085,0.9759010693544311,-0.0019844704600225915
market_aware,logistic,SP1,2023,375,0.9589075914684699,0.951939082342038,0.006968509126431988
market_aware,logistic,SP1,2024,380,0.9582432120636679,0.945829209358185,0.012414002705482874
market_aware,stacking,D1,2021,296,1.0196652866087812,0.9913772538251243,0.02828803278365688
market_aware,stacking,D1,2022,306,1.0204868731012133,0.9967171965434491,0.023769676557764186
market_aware,stacking,D1,2023,296,0.9584336378371286,0.9504037422792101,0.008029895557918554
market_aware,stacking,D1,2024,296,0.9992277813447046,0.9885142693896479,0.010713511955056654
market_aware,stacking,E0,2021,375,0.9507543247158822,0.9312777496563892,0.019476575059492962
market_aware,stacking,E0,2022,375,0.9628568208698022,0.9649751598009977,-0.002118338931195507
market_aware,stacking,E0,2023,375,0.916277733828314,0.9027584121702744,0.013519321658039596
market_aware,stacking,E0,2024,375,0.9758874663099857,0.9673390904529885,0.008548375856997192
market_aware,stacking,F1,2021,371,1.0191357925725255,1.0021961935775408,0.01693959899498476
market_aware,stacking,F1,2022,370,0.9861167397843932,0.9720939473436414,0.014022792440751775
market_aware,stacking,F1,2023,301,1.0170920217004735,1.0098303584436599,0.007261663256813655
market_aware,stacking,F1,2024,306,0.9708180649057783,0.9546008384014742,0.016217226504304016
market_aware,stacking,I1,2021,370,1.0072688834891221,0.981509902183398,0.025758981305724182
market_aware,stacking,I1,2022,370,0.9862445929917641,0.9841977357493309,0.002046857242433253
market_aware,stacking,I1,2023,380,0.967795811594743,0.9632768121818599,0.00451899941288314
market_aware,stacking,I1,2024,375,0.9537599392312489,0.9477385106913522,0.006021428539896734
market_aware,stacking,SP1,2021,380,1.0378364013937025,0.9890357383046481,0.0488006630890544
market_aware,stacking,SP1,2022,375,0.9713437333715073,0.9759010693544311,-0.004557335982923849
market_aware,stacking,SP1,2023,375,0.9569200758609544,0.951939082342038,0.0049809935189164545
market_aware,stacking,SP1,2024,380,0.9516237031168318,0.945829209358185,0.005794493758646713
market_blind,lightgbm,D1,2020,301,1.0595822607847867,0.9867920050874408,0.07279025569734587
market_blind,lightgbm,D1,2021,296,1.0389139574883957,0.9913772538251243,0.04753670366327134
market_blind,lightgbm,D1,2022,306,1.0285323663245896,0.9967171965434491,0.03181516978114041
market_blind,lightgbm,D1,2023,296,1.0051452543021575,0.9504037422792101,0.054741512022947414
market_blind,lightgbm,D1,2024,296,1.018460881798278,0.9885142693896479,0.02994661240863017
market_blind,lightgbm,E0,2020,370,1.055706353448097,0.9984184697196262,0.05728788372847082
market_blind,lightgbm,E0,2021,375,0.9849404096439704,0.9312777496563892,0.05366265998758124
market_blind,lightgbm,E0,2022,375,1.007972302312564,0.9649751598009977,0.04299714251156628
market_blind,lightgbm,E0,2023,375,0.9642647275809659,0.9027584121702744,0.061506315410691514
market_blind,lightgbm,E0,2024,375,1.0071648881521351,0.9673390904529885,0.039825797699146626
market_blind,lightgbm,F1,2020,371,1.0617336391372976,0.9927548503150889,0.06897878882220865
market_blind,lightgbm,F1,2021,371,1.0336553689359056,1.0021961935775408,0.031459175358364844
market_blind,lightgbm,F1,2022,370,0.9996641474174306,0.9720939473436414,0.027570200073789186
market_blind,lightgbm,F1,2023,301,1.0625598586163498,1.0098303584436599,0.05272950017268996
market_blind,lightgbm,F1,2024,306,0.9816344556006057,0.9546008384014742,0.027033617199131443
market_blind,lightgbm,I1,2020,365,1.0339668995863711,0.9340552995704348,0.09991160001593635
market_blind,lightgbm,I1,2021,370,1.0282622677593178,0.981509902183398,0.046752365575919885
market_blind,lightgbm,I1,2022,370,1.007768546814702,0.9841977357493309,0.023570811065371067
market_blind,lightgbm,I1,2023,380,1.0070474097204867,0.9632768121818599,0.043770597538626776
market_blind,lightgbm,I1,2024,375,0.9851229077820384,0.9477385106913522,0.037384397090686194
market_blind,lightgbm,SP1,2020,370,1.0596143245507532,0.9720757216952135,0.08753860285553972
market_blind,lightgbm,SP1,2021,380,1.027764280064936,0.9890357383046481,0.03872854176028795
market_blind,lightgbm,SP1,2022,375,0.9943216028897954,0.9759010693544311,0.018420533535364325
market_blind,lightgbm,SP1,2023,375,0.994490770385906,0.951939082342038,0.04255168804386811
market_blind,lightgbm,SP1,2024,380,1.0225878513546491,0.945829209358185,0.0767586419964641
market_blind,lightgbm_tuned,D1,2020,301,1.0462017376981767,0.9867920050874408,0.0594097326107359
market_blind,lightgbm_tuned,D1,2021,296,1.0297080290994989,0.9913772538251243,0.03833077527437456
market_blind,lightgbm_tuned,D1,2022,306,1.0112925470444787,0.9967171965434491,0.014575350501029538
market_blind,lightgbm_tuned,D1,2023,296,0.998088565996584,0.9504037422792101,0.047684823717373925
market_blind,lightgbm_tuned,D1,2024,296,1.0124241142303838,0.9885142693896479,0.023909844840735883
market_blind,lightgbm_tuned,E0,2020,370,1.0596607289361664,0.9984184697196262,0.06124225921654014
market_blind,lightgbm_tuned,E0,2021,375,0.9724415479010762,0.9312777496563892,0.04116379824468697
market_blind,lightgbm_tuned,E0,2022,375,1.0040799555465263,0.9649751598009977,0.03910479574552861
market_blind,lightgbm_tuned,E0,2023,375,0.9545164593352375,0.9027584121702744,0.05175804716496313
market_blind,lightgbm_tuned,E0,2024,375,0.9935831975329942,0.9673390904529885,0.026244107080005685
market_blind,lightgbm_tuned,F1,2020,371,1.0512677806468602,0.9927548503150889,0.058512930331771296
market_blind,lightgbm_tuned,F1,2021,371,1.0315084338164453,1.0021961935775408,0.029312240238904552
market_blind,lightgbm_tuned,F1,2022,370,0.9953643040062566,0.9720939473436414,0.023270356662615233
market_blind,lightgbm_tuned,F1,2023,301,1.0526440474426735,1.0098303584436599,0.04281368899901361
market_blind,lightgbm_tuned,F1,2024,306,0.9721667349962425,0.9546008384014742,0.01756589659476826
market_blind,lightgbm_tuned,I1,2020,365,1.0192056033868104,0.9340552995704348,0.08515030381637567
market_blind,lightgbm_tuned,I1,2021,370,1.0142325743996239,0.981509902183398,0.032722672216225934
market_blind,lightgbm_tuned,I1,2022,370,0.9995979360395322,0.9841977357493309,0.015400200290201282
market_blind,lightgbm_tuned,I1,2023,380,0.9925941416894849,0.9632768121818599,0.029317329507625
market_blind,lightgbm_tuned,I1,2024,375,0.9786900155255689,0.9477385106913522,0.030951504834216714
market_blind,lightgbm_tuned,SP1,2020,370,1.0531372221312376,0.9720757216952135,0.08106150043602411
market_blind,lightgbm_tuned,SP1,2021,380,1.0273236087829862,0.9890357383046481,0.03828787047833815
market_blind,lightgbm_tuned,SP1,2022,375,0.9915365390071251,0.9759010693544311,0.015635469652694023
market_blind,lightgbm_tuned,SP1,2023,375,0.9860724058839883,0.951939082342038,0.03413332354195031
market_blind,lightgbm_tuned,SP1,2024,380,0.9963847100932869,0.945829209358185,0.050555500735101844
market_blind,logistic,D1,2020,301,1.0669761890174116,0.9867920050874408,0.08018418392997084
market_blind,logistic,D1,2021,296,1.0472627770915046,0.9913772538251243,0.0558855232663803
market_blind,logistic,D1,2022,306,1.0083028192691705,0.9967171965434491,0.01158562272572139
market_blind,logistic,D1,2023,296,0.9847261197472859,0.9504037422792101,0.03432237746807576
market_blind,logistic,D1,2024,296,1.020983085515541,0.9885142693896479,0.03246881612589314
market_blind,logistic,E0,2020,370,1.074382748313906,0.9984184697196262,0.07596427859427968
market_blind,logistic,E0,2021,375,0.9587430833298856,0.9312777496563892,0.02746533367349635
market_blind,logistic,E0,2022,375,0.9910255956302623,0.9649751598009977,0.026050435829264584
market_blind,logistic,E0,2023,375,0.9381595008433053,0.9027584121702744,0.035401088673030934
market_blind,logistic,E0,2024,375,0.9806817155419124,0.9673390904529885,0.01334262508892392
market_blind,logistic,F1,2020,371,1.1178824558682054,0.9927548503150889,0.12512760555311653
market_blind,logistic,F1,2021,371,1.0184152448785557,1.0021961935775408,0.016219051301014975
market_blind,logistic,F1,2022,370,0.9874189343600088,0.9720939473436414,0.01532498701636742
market_blind,logistic,F1,2023,301,1.0306642251496265,1.0098303584436599,0.020833866705966653
market_blind,logistic,F1,2024,306,0.9764714425908146,0.9546008384014742,0.021870604189340392
market_blind,logistic,I1,2020,365,1.032428509115781,0.9340552995704348,0.09837320954534623
market_blind,logistic,I1,2021,370,0.9991348911713934,0.981509902183398,0.01762498898799547
market_blind,logistic,I1,2022,370,1.0030315445237554,0.9841977357493309,0.018833808774424532
market_blind,logistic,I1,2023,380,0.9891588300294667,0.9632768121818599,0.025882017847606797
market_blind,logistic,I1,2024,375,0.9694330807225303,0.9477385106913522,0.02169457003117814
market_blind,logistic,SP1,2020,370,1.0617647062629154,0.9720757216952135,0.08968898456770191
market_blind,logistic,SP1,2021,380,1.025520078804577,0.9890357383046481,0.03648434049992899
market_blind,logistic,SP1,2022,375,0.983113057733497,0.9759010693544311,0.007211988379065892
market_blind,logistic,SP1,2023,375,0.9674329848780211,0.951939082342038,0.01549390253598315
market_blind,logistic,SP1,2024,380,0.989411403679779,0.945829209358185,0.04358219432159394
market_blind,stacking,D1,2021,296,1.026479934018716,0.9913772538251243,0.03510268019359175
market_blind,stacking,D1,2022,306,1.0210484602671115,0.9967171965434491,0.024331263723662344
market_blind,stacking,D1,2023,296,0.9837075668563112,0.9504037422792101,0.03330382457710113
market_blind,stacking,D1,2024,296,1.0069447417576625,0.9885142693896479,0.01843047236801454
market_blind,stacking,E0,2021,375,0.9728845782052883,0.9312777496563892,0.04160682854889908
market_blind,stacking,E0,2022,375,0.9797452849678621,0.9649751598009977,0.014770125166864378
market_blind,stacking,E0,2023,375,0.9480101478742015,0.9027584121702744,0.04525173570392704
market_blind,stacking,E0,2024,375,0.9811498045011127,0.9673390904529885,0.013810714048124173
market_blind,stacking,F1,2021,371,1.0320238605197427,1.0021961935775408,0.029827666942201958
market_blind,stacking,F1,2022,370,0.9962514240570824,0.9720939473436414,0.02415747671344104
market_blind,stacking,F1,2023,301,1.0292633721841375,1.0098303584436599,0.019433013740477678
market_blind,stacking,F1,2024,306,0.9832678224871652,0.9546008384014742,0.028666984085690905
market_blind,stacking,I1,2021,370,1.0177458663073373,0.981509902183398,0.03623596412393937
market_blind,stacking,I1,2022,370,0.999223964238819,0.9841977357493309,0.015026228489488092
market_blind,stacking,I1,2023,380,0.9871529817128808,0.9632768121818599,0.023876169531020897
market_blind,stacking,I1,2024,375,0.9629463795894329,0.9477385106913522,0.015207868898080679
market_blind,stacking,SP1,2021,380,1.0502623272458875,0.9890357383046481,0.061226588941239446
market_blind,stacking,SP1,2022,375,0.9815486213635644,0.9759010693544311,0.00564755200913325
market_blind,stacking,SP1,2023,375,0.9710682430602858,0.951939082342038,0.019129160718247884
market_blind,stacking,SP1,2024,380,0.9736572867082924,0.945829209358185,0.027828077350107394
